sampleID,forwardReads,reverseReads
Aug_501_1_B,/work/gmgi/Fisheries/eDNA/offshore_wind2023/raw_data/Aug-501-1-B_S13_L001_R1_001.fastq.gz,/work/gmgi/Fisheries/eDNA/offshore_wind2023/raw_data/Aug-501-1-B_S13_L001_R2_001.fastq.gz
Aug_501_1_S,/work/gmgi/Fisheries/eDNA/offshore_wind2023/raw_data/Aug-501-1-S_S1_L001_R1_001.fastq.gz,/work/gmgi/Fisheries/eDNA/offshore_wind2023/raw_data/Aug-501-1-S_S1_L001_R2_001.fastq.gz
Aug_501_2_B,/work/gmgi/Fisheries/eDNA/offshore_wind2023/raw_data/Aug-501-2-B_S14_L001_R1_001.fastq.gz,/work/gmgi/Fisheries/eDNA/offshore_wind2023/raw_data/Aug-501-2-B_S14_L001_R2_001.fastq.gz
Aug_501_2_S,/work/gmgi/Fisheries/eDNA/offshore_wind2023/raw_data/Aug-501-2-S_S2_L001_R1_001.fastq.gz,/work/gmgi/Fisheries/eDNA/offshore_wind2023/raw_data/Aug-501-2-S_S2_L001_R2_001.fastq.gz
Aug_501_3_B,/work/gmgi/Fisheries/eDNA/offshore_wind2023/raw_data/Aug-501-3-B_S15_L001_R1_001.fastq.gz,/work/gmgi/Fisheries/eDNA/offshore_wind2023/raw_data/Aug-501-3-B_S15_L001_R2_001.fastq.gz
Aug_501_3_S,/work/gmgi/Fisheries/eDNA/offshore_wind2023/raw_data/Aug-501-3-S_S3_L001_R1_001.fastq.gz,/work/gmgi/Fisheries/eDNA/offshore_wind2023/raw_data/Aug-501-3-S_S3_L001_R2_001.fastq.gz
Aug_501_4_B,/work/gmgi/Fisheries/eDNA/offshore_wind2023/raw_data/Aug-501-4-B_S16_L001_R1_001.fastq.gz,/work/gmgi/Fisheries/eDNA/offshore_wind2023/raw_data/Aug-501-4-B_S16_L001_R2_001.fastq.gz
Aug_501_4_S,/work/gmgi/Fisheries/eDNA/offshore_wind2023/raw_data/Aug-501-4-S_S4_L001_R1_001.fastq.gz,/work/gmgi/Fisheries/eDNA/offshore_wind2023/raw_data/Aug-501-4-S_S4_L001_R2_001.fastq.gz
Aug_DI_BK1A_NA,/work/gmgi/Fisheries/eDNA/offshore_wind2023/raw_data/Aug-DI-Blank-1A_S45_L001_R1_001.fastq.gz,/work/gmgi/Fisheries/eDNA/offshore_wind2023/raw_data/Aug-DI-Blank-1A_S45_L001_R2_001.fastq.gz
Aug_DI_BK2B_NA,/work/gmgi/Fisheries/eDNA/offshore_wind2023/raw_data/Aug-DI-Blank-2B_S46_L001_R1_001.fastq.gz,/work/gmgi/Fisheries/eDNA/offshore_wind2023/raw_data/Aug-DI-Blank-2B_S46_L001_R2_001.fastq.gz
Aug_REV_02_B,/work/gmgi/Fisheries/eDNA/offshore_wind2023/raw_data/Aug-REV-02-B_S17_L001_R1_001.fastq.gz,/work/gmgi/Fisheries/eDNA/offshore_wind2023/raw_data/Aug-REV-02-B_S17_L001_R2_001.fastq.gz
Aug_REV_03_B,/work/gmgi/Fisheries/eDNA/offshore_wind2023/raw_data/Aug-REV-03-B_S18_L001_R1_001.fastq.gz,/work/gmgi/Fisheries/eDNA/offshore_wind2023/raw_data/Aug-REV-03-B_S18_L001_R2_001.fastq.gz
Aug_REV_04_B,/work/gmgi/Fisheries/eDNA/offshore_wind2023/raw_data/Aug-REV-04-B_S19_L001_R1_001.fastq.gz,/work/gmgi/Fisheries/eDNA/offshore_wind2023/raw_data/Aug-REV-04-B_S19_L001_R2_001.fastq.gz
Aug_REV_05_B,/work/gmgi/Fisheries/eDNA/offshore_wind2023/raw_data/Aug-REV-05-B_S20_L001_R1_001.fastq.gz,/work/gmgi/Fisheries/eDNA/offshore_wind2023/raw_data/Aug-REV-05-B_S20_L001_R2_001.fastq.gz
Aug_REV_07_B,/work/gmgi/Fisheries/eDNA/offshore_wind2023/raw_data/Aug-REV-07-B_S21_L001_R1_001.fastq.gz,/work/gmgi/Fisheries/eDNA/offshore_wind2023/raw_data/Aug-REV-07-B_S21_L001_R2_001.fastq.gz
Aug_REV_09_B,/work/gmgi/Fisheries/eDNA/offshore_wind2023/raw_data/Aug-REV-09-B_S22_L001_R1_001.fastq.gz,/work/gmgi/Fisheries/eDNA/offshore_wind2023/raw_data/Aug-REV-09-B_S22_L001_R2_001.fastq.gz
Aug_REV_11_B,/work/gmgi/Fisheries/eDNA/offshore_wind2023/raw_data/Aug-REV-11-B_S23_L001_R1_001.fastq.gz,/work/gmgi/Fisheries/eDNA/offshore_wind2023/raw_data/Aug-REV-11-B_S23_L001_R2_001.fastq.gz
Aug_REV_12_B,/work/gmgi/Fisheries/eDNA/offshore_wind2023/raw_data/Aug-REV-12-B_S24_L001_R1_001.fastq.gz,/work/gmgi/Fisheries/eDNA/offshore_wind2023/raw_data/Aug-REV-12-B_S24_L001_R2_001.fastq.gz
Aug_REV_13_B,/work/gmgi/Fisheries/eDNA/offshore_wind2023/raw_data/Aug-REV-13-B_S25_L001_R1_001.fastq.gz,/work/gmgi/Fisheries/eDNA/offshore_wind2023/raw_data/Aug-REV-13-B_S25_L001_R2_001.fastq.gz
Aug_REV_14_B,/work/gmgi/Fisheries/eDNA/offshore_wind2023/raw_data/Aug-REV-14-B_S26_L001_R1_001.fastq.gz,/work/gmgi/Fisheries/eDNA/offshore_wind2023/raw_data/Aug-REV-14-B_S26_L001_R2_001.fastq.gz
Aug_REV_15_B,/work/gmgi/Fisheries/eDNA/offshore_wind2023/raw_data/Aug-REV-15-B_S27_L001_R1_001.fastq.gz,/work/gmgi/Fisheries/eDNA/offshore_wind2023/raw_data/Aug-REV-15-B_S27_L001_R2_001.fastq.gz
Aug_REV_16_B,/work/gmgi/Fisheries/eDNA/offshore_wind2023/raw_data/Aug-REV-16-B_S28_L001_R1_001.fastq.gz,/work/gmgi/Fisheries/eDNA/offshore_wind2023/raw_data/Aug-REV-16-B_S28_L001_R2_001.fastq.gz
Aug_REV_17_B,/work/gmgi/Fisheries/eDNA/offshore_wind2023/raw_data/Aug-REV-17-B_S29_L001_R1_001.fastq.gz,/work/gmgi/Fisheries/eDNA/offshore_wind2023/raw_data/Aug-REV-17-B_S29_L001_R2_001.fastq.gz
Aug_REV_C1_B,/work/gmgi/Fisheries/eDNA/offshore_wind2023/raw_data/Aug-REV-C1-B_S30_L001_R1_001.fastq.gz,/work/gmgi/Fisheries/eDNA/offshore_wind2023/raw_data/Aug-REV-C1-B_S30_L001_R2_001.fastq.gz
Aug_REV_C2_B,/work/gmgi/Fisheries/eDNA/offshore_wind2023/raw_data/Aug-REV-C2-B_S31_L001_R1_001.fastq.gz,/work/gmgi/Fisheries/eDNA/offshore_wind2023/raw_data/Aug-REV-C2-B_S31_L001_R2_001.fastq.gz
Aug_REV_C3_B,/work/gmgi/Fisheries/eDNA/offshore_wind2023/raw_data/Aug-REV-C3-B_S32_L001_R1_001.fastq.gz,/work/gmgi/Fisheries/eDNA/offshore_wind2023/raw_data/Aug-REV-C3-B_S32_L001_R2_001.fastq.gz
Aug_REV_C4_B,/work/gmgi/Fisheries/eDNA/offshore_wind2023/raw_data/Aug-REV-C4-B_S33_L001_R1_001.fastq.gz,/work/gmgi/Fisheries/eDNA/offshore_wind2023/raw_data/Aug-REV-C4-B_S33_L001_R2_001.fastq.gz
Aug_REV_C5_B,/work/gmgi/Fisheries/eDNA/offshore_wind2023/raw_data/Aug-REV-C5-B_S34_L001_R1_001.fastq.gz,/work/gmgi/Fisheries/eDNA/offshore_wind2023/raw_data/Aug-REV-C5-B_S34_L001_R2_001.fastq.gz
Aug_REV_C6_B,/work/gmgi/Fisheries/eDNA/offshore_wind2023/raw_data/Aug-REV-C6-B_S35_L001_R1_001.fastq.gz,/work/gmgi/Fisheries/eDNA/offshore_wind2023/raw_data/Aug-REV-C6-B_S35_L001_R2_001.fastq.gz
Aug_SF_01_B,/work/gmgi/Fisheries/eDNA/offshore_wind2023/raw_data/Aug-SF-01-B_S36_L001_R1_001.fastq.gz,/work/gmgi/Fisheries/eDNA/offshore_wind2023/raw_data/Aug-SF-01-B_S36_L001_R2_001.fastq.gz
Aug_SF_01_S,/work/gmgi/Fisheries/eDNA/offshore_wind2023/raw_data/Aug-SF-01-S_S5_L001_R1_001.fastq.gz,/work/gmgi/Fisheries/eDNA/offshore_wind2023/raw_data/Aug-SF-01-S_S5_L001_R2_001.fastq.gz
Aug_SF_02_B,/work/gmgi/Fisheries/eDNA/offshore_wind2023/raw_data/Aug-SF-02-B_S37_L001_R1_001.fastq.gz,/work/gmgi/Fisheries/eDNA/offshore_wind2023/raw_data/Aug-SF-02-B_S37_L001_R2_001.fastq.gz
Aug_SF_02_S,/work/gmgi/Fisheries/eDNA/offshore_wind2023/raw_data/Aug-SF-02-S_S6_L001_R1_001.fastq.gz,/work/gmgi/Fisheries/eDNA/offshore_wind2023/raw_data/Aug-SF-02-S_S6_L001_R2_001.fastq.gz
Aug_SF_S3_B,/work/gmgi/Fisheries/eDNA/offshore_wind2023/raw_data/Aug-SF-S3-B_S38_L001_R1_001.fastq.gz,/work/gmgi/Fisheries/eDNA/offshore_wind2023/raw_data/Aug-SF-S3-B_S38_L001_R2_001.fastq.gz
Aug_SF_S3_S,/work/gmgi/Fisheries/eDNA/offshore_wind2023/raw_data/Aug-SF-S3-S_S7_L001_R1_001.fastq.gz,/work/gmgi/Fisheries/eDNA/offshore_wind2023/raw_data/Aug-SF-S3-S_S7_L001_R2_001.fastq.gz
Aug_VW_C1_B,/work/gmgi/Fisheries/eDNA/offshore_wind2023/raw_data/Aug-VW-C1-B_S39_L001_R1_001.fastq.gz,/work/gmgi/Fisheries/eDNA/offshore_wind2023/raw_data/Aug-VW-C1-B_S39_L001_R2_001.fastq.gz
Aug_VW_C1_S,/work/gmgi/Fisheries/eDNA/offshore_wind2023/raw_data/Aug-VW-C1-S_S8_L001_R1_001.fastq.gz,/work/gmgi/Fisheries/eDNA/offshore_wind2023/raw_data/Aug-VW-C1-S_S8_L001_R2_001.fastq.gz
Aug_VW_C2_B,/work/gmgi/Fisheries/eDNA/offshore_wind2023/raw_data/Aug-VW-C2-B_S40_L001_R1_001.fastq.gz,/work/gmgi/Fisheries/eDNA/offshore_wind2023/raw_data/Aug-VW-C2-B_S40_L001_R2_001.fastq.gz
Aug_VW_C2_S,/work/gmgi/Fisheries/eDNA/offshore_wind2023/raw_data/Aug-VW-C2-S_S9_L001_R1_001.fastq.gz,/work/gmgi/Fisheries/eDNA/offshore_wind2023/raw_data/Aug-VW-C2-S_S9_L001_R2_001.fastq.gz
Aug_VW_C3_B,/work/gmgi/Fisheries/eDNA/offshore_wind2023/raw_data/Aug-VW-C3-B_S41_L001_R1_001.fastq.gz,/work/gmgi/Fisheries/eDNA/offshore_wind2023/raw_data/Aug-VW-C3-B_S41_L001_R2_001.fastq.gz
Aug_VW_C3_S,/work/gmgi/Fisheries/eDNA/offshore_wind2023/raw_data/Aug-VW-C3-S_S10_L001_R1_001.fastq.gz,/work/gmgi/Fisheries/eDNA/offshore_wind2023/raw_data/Aug-VW-C3-S_S10_L001_R2_001.fastq.gz
Aug_VW_S5_B,/work/gmgi/Fisheries/eDNA/offshore_wind2023/raw_data/Aug-VW-S5-B_S42_L001_R1_001.fastq.gz,/work/gmgi/Fisheries/eDNA/offshore_wind2023/raw_data/Aug-VW-S5-B_S42_L001_R2_001.fastq.gz
Aug_VW_S5_S,/work/gmgi/Fisheries/eDNA/offshore_wind2023/raw_data/Aug-VW-S5-S_S11_L001_R1_001.fastq.gz,/work/gmgi/Fisheries/eDNA/offshore_wind2023/raw_data/Aug-VW-S5-S_S11_L001_R2_001.fastq.gz
Aug_VW_S6_B,/work/gmgi/Fisheries/eDNA/offshore_wind2023/raw_data/Aug-VW-S6-B_S43_L001_R1_001.fastq.gz,/work/gmgi/Fisheries/eDNA/offshore_wind2023/raw_data/Aug-VW-S6-B_S43_L001_R2_001.fastq.gz
Aug_VW_S7_B,/work/gmgi/Fisheries/eDNA/offshore_wind2023/raw_data/Aug-VW-S7-B_S44_L001_R1_001.fastq.gz,/work/gmgi/Fisheries/eDNA/offshore_wind2023/raw_data/Aug-VW-S7-B_S44_L001_R2_001.fastq.gz
Aug_VW_S7_S,/work/gmgi/Fisheries/eDNA/offshore_wind2023/raw_data/Aug-VW-S7-S_S12_L001_R1_001.fastq.gz,/work/gmgi/Fisheries/eDNA/offshore_wind2023/raw_data/Aug-VW-S7-S_S12_L001_R2_001.fastq.gz
July_501_1_B,/work/gmgi/Fisheries/eDNA/offshore_wind2023/raw_data/July-501-1BottomDegen_R1.fastq.gz,/work/gmgi/Fisheries/eDNA/offshore_wind2023/raw_data/July-501-1BottomDegen_R2.fastq.gz
July_501_1_S,/work/gmgi/Fisheries/eDNA/offshore_wind2023/raw_data/July-501-1SurfaceDegen_R1.fastq.gz,/work/gmgi/Fisheries/eDNA/offshore_wind2023/raw_data/July-501-1SurfaceDegen_R2.fastq.gz
July_501_2_B,/work/gmgi/Fisheries/eDNA/offshore_wind2023/raw_data/July-501-2BottomDegen_R1.fastq.gz,/work/gmgi/Fisheries/eDNA/offshore_wind2023/raw_data/July-501-2BottomDegen_R2.fastq.gz
July_501_2_S,/work/gmgi/Fisheries/eDNA/offshore_wind2023/raw_data/July-501-2SurfaceDegen_R1.fastq.gz,/work/gmgi/Fisheries/eDNA/offshore_wind2023/raw_data/July-501-2SurfaceDegen_R2.fastq.gz
July_501_3_B,/work/gmgi/Fisheries/eDNA/offshore_wind2023/raw_data/July-501-3BottomDegen_R1.fastq.gz,/work/gmgi/Fisheries/eDNA/offshore_wind2023/raw_data/July-501-3BottomDegen_R2.fastq.gz
July_501_3_S,/work/gmgi/Fisheries/eDNA/offshore_wind2023/raw_data/July-501-3SurfaceDegen_R1.fastq.gz,/work/gmgi/Fisheries/eDNA/offshore_wind2023/raw_data/July-501-3SurfaceDegen_R2.fastq.gz
July_501_4_B,/work/gmgi/Fisheries/eDNA/offshore_wind2023/raw_data/July-501-4BottomDegen_R1.fastq.gz,/work/gmgi/Fisheries/eDNA/offshore_wind2023/raw_data/July-501-4BottomDegen_R2.fastq.gz
July_501_4_S,/work/gmgi/Fisheries/eDNA/offshore_wind2023/raw_data/July-501-4SurfaceDegen_R1.fastq.gz,/work/gmgi/Fisheries/eDNA/offshore_wind2023/raw_data/July-501-4SurfaceDegen_R2.fastq.gz
July_DI_BK1_NA,/work/gmgi/Fisheries/eDNA/offshore_wind2023/raw_data/July-DI-Blank-1NADegen_R1.fastq.gz,/work/gmgi/Fisheries/eDNA/offshore_wind2023/raw_data/July-DI-Blank-1NADegen_R2.fastq.gz
July_DI_BK2_NA,/work/gmgi/Fisheries/eDNA/offshore_wind2023/raw_data/July-DI-Blank-2NADegen_R1.fastq.gz,/work/gmgi/Fisheries/eDNA/offshore_wind2023/raw_data/July-DI-Blank-2NADegen_R2.fastq.gz
July_REV_01_B,/work/gmgi/Fisheries/eDNA/offshore_wind2023/raw_data/July-REV-01BottomDegen_R1.fastq.gz,/work/gmgi/Fisheries/eDNA/offshore_wind2023/raw_data/July-REV-01BottomDegen_R2.fastq.gz
July_REV_02_B,/work/gmgi/Fisheries/eDNA/offshore_wind2023/raw_data/July-REV-02BottomDegen_R1.fastq.gz,/work/gmgi/Fisheries/eDNA/offshore_wind2023/raw_data/July-REV-02BottomDegen_R2.fastq.gz
July_REV_03_B,/work/gmgi/Fisheries/eDNA/offshore_wind2023/raw_data/July-REV-03BottomDegen_R1.fastq.gz,/work/gmgi/Fisheries/eDNA/offshore_wind2023/raw_data/July-REV-03BottomDegen_R2.fastq.gz
July_REV_04_B,/work/gmgi/Fisheries/eDNA/offshore_wind2023/raw_data/July-REV-04BottomDegen_R1.fastq.gz,/work/gmgi/Fisheries/eDNA/offshore_wind2023/raw_data/July-REV-04BottomDegen_R2.fastq.gz
July_REV_05_B,/work/gmgi/Fisheries/eDNA/offshore_wind2023/raw_data/July-REV-05BottomDegen_R1.fastq.gz,/work/gmgi/Fisheries/eDNA/offshore_wind2023/raw_data/July-REV-05BottomDegen_R2.fastq.gz
July_REV_06_B,/work/gmgi/Fisheries/eDNA/offshore_wind2023/raw_data/July-REV-06BottomDegen_R1.fastq.gz,/work/gmgi/Fisheries/eDNA/offshore_wind2023/raw_data/July-REV-06BottomDegen_R2.fastq.gz
July_REV_07_B,/work/gmgi/Fisheries/eDNA/offshore_wind2023/raw_data/July-REV-07BottomDegen_R1.fastq.gz,/work/gmgi/Fisheries/eDNA/offshore_wind2023/raw_data/July-REV-07BottomDegen_R2.fastq.gz
July_REV_08_B,/work/gmgi/Fisheries/eDNA/offshore_wind2023/raw_data/July-REV-08BottomDegen_R1.fastq.gz,/work/gmgi/Fisheries/eDNA/offshore_wind2023/raw_data/July-REV-08BottomDegen_R2.fastq.gz
July_REV_09_B,/work/gmgi/Fisheries/eDNA/offshore_wind2023/raw_data/July-REV-09BottomDegen_R1.fastq.gz,/work/gmgi/Fisheries/eDNA/offshore_wind2023/raw_data/July-REV-09BottomDegen_R2.fastq.gz
July_REV_10_B,/work/gmgi/Fisheries/eDNA/offshore_wind2023/raw_data/July-REV-10BottomDegen_R1.fastq.gz,/work/gmgi/Fisheries/eDNA/offshore_wind2023/raw_data/July-REV-10BottomDegen_R2.fastq.gz
July_REV_11_B,/work/gmgi/Fisheries/eDNA/offshore_wind2023/raw_data/July-REV-11BottomDegen_R1.fastq.gz,/work/gmgi/Fisheries/eDNA/offshore_wind2023/raw_data/July-REV-11BottomDegen_R2.fastq.gz
July_REV_12_B,/work/gmgi/Fisheries/eDNA/offshore_wind2023/raw_data/July-REV-12BottomDegen_R1.fastq.gz,/work/gmgi/Fisheries/eDNA/offshore_wind2023/raw_data/July-REV-12BottomDegen_R2.fastq.gz
July_REV_13_B,/work/gmgi/Fisheries/eDNA/offshore_wind2023/raw_data/July-REV-13BottomDegen_R1.fastq.gz,/work/gmgi/Fisheries/eDNA/offshore_wind2023/raw_data/July-REV-13BottomDegen_R2.fastq.gz
July_REV_14_B,/work/gmgi/Fisheries/eDNA/offshore_wind2023/raw_data/July-REV-14BottomDegen_R1.fastq.gz,/work/gmgi/Fisheries/eDNA/offshore_wind2023/raw_data/July-REV-14BottomDegen_R2.fastq.gz
July_REV_15_B,/work/gmgi/Fisheries/eDNA/offshore_wind2023/raw_data/July-REV-15BottomDegen_R1.fastq.gz,/work/gmgi/Fisheries/eDNA/offshore_wind2023/raw_data/July-REV-15BottomDegen_R2.fastq.gz
July_REV_16_B,/work/gmgi/Fisheries/eDNA/offshore_wind2023/raw_data/July-REV-16BottomDegen_R1.fastq.gz,/work/gmgi/Fisheries/eDNA/offshore_wind2023/raw_data/July-REV-16BottomDegen_R2.fastq.gz
July_REV_17_B,/work/gmgi/Fisheries/eDNA/offshore_wind2023/raw_data/July-REV-17BottomDegen_R1.fastq.gz,/work/gmgi/Fisheries/eDNA/offshore_wind2023/raw_data/July-REV-17BottomDegen_R2.fastq.gz
July_REV_C1_B,/work/gmgi/Fisheries/eDNA/offshore_wind2023/raw_data/July-REV-C1BottomDegen_R1.fastq.gz,/work/gmgi/Fisheries/eDNA/offshore_wind2023/raw_data/July-REV-C1BottomDegen_R2.fastq.gz
July_REV_C2_B,/work/gmgi/Fisheries/eDNA/offshore_wind2023/raw_data/July-REV-C2BottomDegen_R1.fastq.gz,/work/gmgi/Fisheries/eDNA/offshore_wind2023/raw_data/July-REV-C2BottomDegen_R2.fastq.gz
July_REV_C3_B,/work/gmgi/Fisheries/eDNA/offshore_wind2023/raw_data/July-REV-C3BottomDegen_R1.fastq.gz,/work/gmgi/Fisheries/eDNA/offshore_wind2023/raw_data/July-REV-C3BottomDegen_R2.fastq.gz
July_REV_C4_B,/work/gmgi/Fisheries/eDNA/offshore_wind2023/raw_data/July-REV-C4BottomDegen_R1.fastq.gz,/work/gmgi/Fisheries/eDNA/offshore_wind2023/raw_data/July-REV-C4BottomDegen_R2.fastq.gz
July_REV_C5_B,/work/gmgi/Fisheries/eDNA/offshore_wind2023/raw_data/July-REV-C5BottomDegen_R1.fastq.gz,/work/gmgi/Fisheries/eDNA/offshore_wind2023/raw_data/July-REV-C5BottomDegen_R2.fastq.gz
July_REV_C6_B,/work/gmgi/Fisheries/eDNA/offshore_wind2023/raw_data/July-REV-C6BottomDegen_R1.fastq.gz,/work/gmgi/Fisheries/eDNA/offshore_wind2023/raw_data/July-REV-C6BottomDegen_R2.fastq.gz
July_SF_01_B,/work/gmgi/Fisheries/eDNA/offshore_wind2023/raw_data/July-SF-01BottomDegen_R1.fastq.gz,/work/gmgi/Fisheries/eDNA/offshore_wind2023/raw_data/July-SF-01BottomDegen_R2.fastq.gz
July_SF_02_B,/work/gmgi/Fisheries/eDNA/offshore_wind2023/raw_data/July-SF-02BottomDegen_R1.fastq.gz,/work/gmgi/Fisheries/eDNA/offshore_wind2023/raw_data/July-SF-02BottomDegen_R2.fastq.gz
July_VW_C1_B,/work/gmgi/Fisheries/eDNA/offshore_wind2023/raw_data/July-VW-C1BottomDegen_R1.fastq.gz,/work/gmgi/Fisheries/eDNA/offshore_wind2023/raw_data/July-VW-C1BottomDegen_R2.fastq.gz
July_VW_C1_S,/work/gmgi/Fisheries/eDNA/offshore_wind2023/raw_data/July-VW-C1SurfaceDegen_R1.fastq.gz,/work/gmgi/Fisheries/eDNA/offshore_wind2023/raw_data/July-VW-C1SurfaceDegen_R2.fastq.gz
July_VW_C2_B,/work/gmgi/Fisheries/eDNA/offshore_wind2023/raw_data/July-VW-C2BottomDegen_R1.fastq.gz,/work/gmgi/Fisheries/eDNA/offshore_wind2023/raw_data/July-VW-C2BottomDegen_R2.fastq.gz
July_VW_C2_S,/work/gmgi/Fisheries/eDNA/offshore_wind2023/raw_data/July-VW-C2SurfaceDegen_R1.fastq.gz,/work/gmgi/Fisheries/eDNA/offshore_wind2023/raw_data/July-VW-C2SurfaceDegen_R2.fastq.gz
July_VW_C3_B,/work/gmgi/Fisheries/eDNA/offshore_wind2023/raw_data/July-VW-C3BottomDegen_R1.fastq.gz,/work/gmgi/Fisheries/eDNA/offshore_wind2023/raw_data/July-VW-C3BottomDegen_R2.fastq.gz
July_VW_C3_S,/work/gmgi/Fisheries/eDNA/offshore_wind2023/raw_data/July-VW-C3SurfaceDegen_R1.fastq.gz,/work/gmgi/Fisheries/eDNA/offshore_wind2023/raw_data/July-VW-C3SurfaceDegen_R2.fastq.gz
July_VW_S5_B,/work/gmgi/Fisheries/eDNA/offshore_wind2023/raw_data/July-VW-S5BottomDegen_R1.fastq.gz,/work/gmgi/Fisheries/eDNA/offshore_wind2023/raw_data/July-VW-S5BottomDegen_R2.fastq.gz
July_VW_S5_S,/work/gmgi/Fisheries/eDNA/offshore_wind2023/raw_data/July-VW-S5SurfaceDegen_R1.fastq.gz,/work/gmgi/Fisheries/eDNA/offshore_wind2023/raw_data/July-VW-S5SurfaceDegen_R2.fastq.gz
July_VW_S6_B,/work/gmgi/Fisheries/eDNA/offshore_wind2023/raw_data/July-VW-S6BottomDegen_R1.fastq.gz,/work/gmgi/Fisheries/eDNA/offshore_wind2023/raw_data/July-VW-S6BottomDegen_R2.fastq.gz
July_VW_S6_S,/work/gmgi/Fisheries/eDNA/offshore_wind2023/raw_data/July-VW-S6SurfaceDegen_R1.fastq.gz,/work/gmgi/Fisheries/eDNA/offshore_wind2023/raw_data/July-VW-S6SurfaceDegen_R2.fastq.gz
July_VW_S7_B,/work/gmgi/Fisheries/eDNA/offshore_wind2023/raw_data/July-VW-S7BottomDegen_R1.fastq.gz,/work/gmgi/Fisheries/eDNA/offshore_wind2023/raw_data/July-VW-S7BottomDegen_R2.fastq.gz
July_VW_S7_S,/work/gmgi/Fisheries/eDNA/offshore_wind2023/raw_data/July-VW-S7SurfaceDegen_R1.fastq.gz,/work/gmgi/Fisheries/eDNA/offshore_wind2023/raw_data/July-VW-S7SurfaceDegen_R2.fastq.gz
Nov_501_1_B,/work/gmgi/Fisheries/eDNA/offshore_wind2023/raw_data/Nov-501-1-B_S40_L001_R1_001.fastq.gz,/work/gmgi/Fisheries/eDNA/offshore_wind2023/raw_data/Nov-501-1-B_S40_L001_R2_001.fastq.gz
Nov_501_1_S,/work/gmgi/Fisheries/eDNA/offshore_wind2023/raw_data/Nov-501-1-S_S31_L001_R1_001.fastq.gz,/work/gmgi/Fisheries/eDNA/offshore_wind2023/raw_data/Nov-501-1-S_S31_L001_R2_001.fastq.gz
Nov_501_2_B,/work/gmgi/Fisheries/eDNA/offshore_wind2023/raw_data/Nov-501-2-B_S70_L001_R1_001.fastq.gz,/work/gmgi/Fisheries/eDNA/offshore_wind2023/raw_data/Nov-501-2-B_S70_L001_R2_001.fastq.gz
Nov_501_2_S,/work/gmgi/Fisheries/eDNA/offshore_wind2023/raw_data/Nov-501-2-S_S32_L001_R1_001.fastq.gz,/work/gmgi/Fisheries/eDNA/offshore_wind2023/raw_data/Nov-501-2-S_S32_L001_R2_001.fastq.gz
Nov_501_3_B,/work/gmgi/Fisheries/eDNA/offshore_wind2023/raw_data/Nov-501-3-B_S41_L001_R1_001.fastq.gz,/work/gmgi/Fisheries/eDNA/offshore_wind2023/raw_data/Nov-501-3-B_S41_L001_R2_001.fastq.gz
Nov_501_3_S,/work/gmgi/Fisheries/eDNA/offshore_wind2023/raw_data/Nov-501-3-S_S33_L001_R1_001.fastq.gz,/work/gmgi/Fisheries/eDNA/offshore_wind2023/raw_data/Nov-501-3-S_S33_L001_R2_001.fastq.gz
Nov_501_4_B,/work/gmgi/Fisheries/eDNA/offshore_wind2023/raw_data/Nov-501-4-B_S71_L001_R1_001.fastq.gz,/work/gmgi/Fisheries/eDNA/offshore_wind2023/raw_data/Nov-501-4-B_S71_L001_R2_001.fastq.gz
Nov_501_4_S,/work/gmgi/Fisheries/eDNA/offshore_wind2023/raw_data/Nov-501-4-S_S34_L001_R1_001.fastq.gz,/work/gmgi/Fisheries/eDNA/offshore_wind2023/raw_data/Nov-501-4-S_S34_L001_R2_001.fastq.gz
Nov_REV_01_B,/work/gmgi/Fisheries/eDNA/offshore_wind2023/raw_data/Nov-REV-01-B_S72_L001_R1_001.fastq.gz,/work/gmgi/Fisheries/eDNA/offshore_wind2023/raw_data/Nov-REV-01-B_S72_L001_R2_001.fastq.gz
Nov_REV_02_B,/work/gmgi/Fisheries/eDNA/offshore_wind2023/raw_data/Nov-REV-02-B_S42_L001_R1_001.fastq.gz,/work/gmgi/Fisheries/eDNA/offshore_wind2023/raw_data/Nov-REV-02-B_S42_L001_R2_001.fastq.gz
Nov_REV_03_B,/work/gmgi/Fisheries/eDNA/offshore_wind2023/raw_data/Nov-REV-03-B_S73_L001_R1_001.fastq.gz,/work/gmgi/Fisheries/eDNA/offshore_wind2023/raw_data/Nov-REV-03-B_S73_L001_R2_001.fastq.gz
Nov_REV_04_B,/work/gmgi/Fisheries/eDNA/offshore_wind2023/raw_data/Nov-REV-04-B_S74_L001_R1_001.fastq.gz,/work/gmgi/Fisheries/eDNA/offshore_wind2023/raw_data/Nov-REV-04-B_S74_L001_R2_001.fastq.gz
Nov_REV_05_B,/work/gmgi/Fisheries/eDNA/offshore_wind2023/raw_data/Nov-REV-05-B_S75_L001_R1_001.fastq.gz,/work/gmgi/Fisheries/eDNA/offshore_wind2023/raw_data/Nov-REV-05-B_S75_L001_R2_001.fastq.gz
Nov_REV_06_B,/work/gmgi/Fisheries/eDNA/offshore_wind2023/raw_data/Nov-REV-06-B_S76_L001_R1_001.fastq.gz,/work/gmgi/Fisheries/eDNA/offshore_wind2023/raw_data/Nov-REV-06-B_S76_L001_R2_001.fastq.gz
Nov_REV_07_B,/work/gmgi/Fisheries/eDNA/offshore_wind2023/raw_data/Nov-REV-07-B_S77_L001_R1_001.fastq.gz,/work/gmgi/Fisheries/eDNA/offshore_wind2023/raw_data/Nov-REV-07-B_S77_L001_R2_001.fastq.gz
Nov_REV_08_B,/work/gmgi/Fisheries/eDNA/offshore_wind2023/raw_data/Nov-REV-08-B_S78_L001_R1_001.fastq.gz,/work/gmgi/Fisheries/eDNA/offshore_wind2023/raw_data/Nov-REV-08-B_S78_L001_R2_001.fastq.gz
Nov_REV_09_B,/work/gmgi/Fisheries/eDNA/offshore_wind2023/raw_data/Nov-REV-09-B_S79_L001_R1_001.fastq.gz,/work/gmgi/Fisheries/eDNA/offshore_wind2023/raw_data/Nov-REV-09-B_S79_L001_R2_001.fastq.gz
Nov_REV_10_B,/work/gmgi/Fisheries/eDNA/offshore_wind2023/raw_data/Nov-REV-10-B_S43_L001_R1_001.fastq.gz,/work/gmgi/Fisheries/eDNA/offshore_wind2023/raw_data/Nov-REV-10-B_S43_L001_R2_001.fastq.gz
Nov_REV_11_B,/work/gmgi/Fisheries/eDNA/offshore_wind2023/raw_data/Nov-REV-11-B_S80_L001_R1_001.fastq.gz,/work/gmgi/Fisheries/eDNA/offshore_wind2023/raw_data/Nov-REV-11-B_S80_L001_R2_001.fastq.gz
Nov_REV_12_B,/work/gmgi/Fisheries/eDNA/offshore_wind2023/raw_data/Nov-REV-12-B_S81_L001_R1_001.fastq.gz,/work/gmgi/Fisheries/eDNA/offshore_wind2023/raw_data/Nov-REV-12-B_S81_L001_R2_001.fastq.gz
Nov_REV_13_B,/work/gmgi/Fisheries/eDNA/offshore_wind2023/raw_data/Nov-REV-13-B_S82_L001_R1_001.fastq.gz,/work/gmgi/Fisheries/eDNA/offshore_wind2023/raw_data/Nov-REV-13-B_S82_L001_R2_001.fastq.gz
Nov_REV_14_B,/work/gmgi/Fisheries/eDNA/offshore_wind2023/raw_data/Nov-REV-14-B_S83_L001_R1_001.fastq.gz,/work/gmgi/Fisheries/eDNA/offshore_wind2023/raw_data/Nov-REV-14-B_S83_L001_R2_001.fastq.gz
Nov_REV_15_B,/work/gmgi/Fisheries/eDNA/offshore_wind2023/raw_data/Nov-REV-15-B_S84_L001_R1_001.fastq.gz,/work/gmgi/Fisheries/eDNA/offshore_wind2023/raw_data/Nov-REV-15-B_S84_L001_R2_001.fastq.gz
Nov_REV_16_B,/work/gmgi/Fisheries/eDNA/offshore_wind2023/raw_data/Nov-REV-16-B_S85_L001_R1_001.fastq.gz,/work/gmgi/Fisheries/eDNA/offshore_wind2023/raw_data/Nov-REV-16-B_S85_L001_R2_001.fastq.gz
Nov_REV_17_B,/work/gmgi/Fisheries/eDNA/offshore_wind2023/raw_data/Nov-REV-17-B_S86_L001_R1_001.fastq.gz,/work/gmgi/Fisheries/eDNA/offshore_wind2023/raw_data/Nov-REV-17-B_S86_L001_R2_001.fastq.gz
Nov_REV_C1_B,/work/gmgi/Fisheries/eDNA/offshore_wind2023/raw_data/Nov-REV-C1-B_S44_L001_R1_001.fastq.gz,/work/gmgi/Fisheries/eDNA/offshore_wind2023/raw_data/Nov-REV-C1-B_S44_L001_R2_001.fastq.gz
Nov_REV_C2_B,/work/gmgi/Fisheries/eDNA/offshore_wind2023/raw_data/Nov-REV-C2-B_S87_L001_R1_001.fastq.gz,/work/gmgi/Fisheries/eDNA/offshore_wind2023/raw_data/Nov-REV-C2-B_S87_L001_R2_001.fastq.gz
Nov_REV_C3_B,/work/gmgi/Fisheries/eDNA/offshore_wind2023/raw_data/Nov-REV-C3-B_S45_L001_R1_001.fastq.gz,/work/gmgi/Fisheries/eDNA/offshore_wind2023/raw_data/Nov-REV-C3-B_S45_L001_R2_001.fastq.gz
Nov_REV_C4_B,/work/gmgi/Fisheries/eDNA/offshore_wind2023/raw_data/Nov-REV-C4-B_S88_L001_R1_001.fastq.gz,/work/gmgi/Fisheries/eDNA/offshore_wind2023/raw_data/Nov-REV-C4-B_S88_L001_R2_001.fastq.gz
Nov_REV_C5_B,/work/gmgi/Fisheries/eDNA/offshore_wind2023/raw_data/Nov-REV-C5-B_S89_L001_R1_001.fastq.gz,/work/gmgi/Fisheries/eDNA/offshore_wind2023/raw_data/Nov-REV-C5-B_S89_L001_R2_001.fastq.gz
Nov_REV_C6_B,/work/gmgi/Fisheries/eDNA/offshore_wind2023/raw_data/Nov-REV-C6-B_S90_L001_R1_001.fastq.gz,/work/gmgi/Fisheries/eDNA/offshore_wind2023/raw_data/Nov-REV-C6-B_S90_L001_R2_001.fastq.gz
Nov_SF_01_B,/work/gmgi/Fisheries/eDNA/offshore_wind2023/raw_data/Nov-SF-01-B_S91_L001_R1_001.fastq.gz,/work/gmgi/Fisheries/eDNA/offshore_wind2023/raw_data/Nov-SF-01-B_S91_L001_R2_001.fastq.gz
Nov_SF_01_S,/work/gmgi/Fisheries/eDNA/offshore_wind2023/raw_data/Nov-SF-01-S_S35_L001_R1_001.fastq.gz,/work/gmgi/Fisheries/eDNA/offshore_wind2023/raw_data/Nov-SF-01-S_S35_L001_R2_001.fastq.gz
Nov_SF_02_B,/work/gmgi/Fisheries/eDNA/offshore_wind2023/raw_data/Nov-SF-02-B_S46_L001_R1_001.fastq.gz,/work/gmgi/Fisheries/eDNA/offshore_wind2023/raw_data/Nov-SF-02-B_S46_L001_R2_001.fastq.gz
Nov_SF_02_S,/work/gmgi/Fisheries/eDNA/offshore_wind2023/raw_data/Nov-SF-02-S_S36_L001_R1_001.fastq.gz,/work/gmgi/Fisheries/eDNA/offshore_wind2023/raw_data/Nov-SF-02-S_S36_L001_R2_001.fastq.gz
Nov_SF_S3_B,/work/gmgi/Fisheries/eDNA/offshore_wind2023/raw_data/Nov-SF-S3-B_S92_L001_R1_001.fastq.gz,/work/gmgi/Fisheries/eDNA/offshore_wind2023/raw_data/Nov-SF-S3-B_S92_L001_R2_001.fastq.gz
Nov_SF_S3_S,/work/gmgi/Fisheries/eDNA/offshore_wind2023/raw_data/Nov-SF-S3-S_S66_L001_R1_001.fastq.gz,/work/gmgi/Fisheries/eDNA/offshore_wind2023/raw_data/Nov-SF-S3-S_S66_L001_R2_001.fastq.gz
Nov_VW_C1_B,/work/gmgi/Fisheries/eDNA/offshore_wind2023/raw_data/Nov-VW-C1-B_S93_L001_R1_001.fastq.gz,/work/gmgi/Fisheries/eDNA/offshore_wind2023/raw_data/Nov-VW-C1-B_S93_L001_R2_001.fastq.gz
Nov_VW_C1_S,/work/gmgi/Fisheries/eDNA/offshore_wind2023/raw_data/Nov-VW-C1-S_S37_L001_R1_001.fastq.gz,/work/gmgi/Fisheries/eDNA/offshore_wind2023/raw_data/Nov-VW-C1-S_S37_L001_R2_001.fastq.gz
Nov_VW_C2_B,/work/gmgi/Fisheries/eDNA/offshore_wind2023/raw_data/Nov-VW-C2-B_S94_L001_R1_001.fastq.gz,/work/gmgi/Fisheries/eDNA/offshore_wind2023/raw_data/Nov-VW-C2-B_S94_L001_R2_001.fastq.gz
Nov_VW_C2_S,/work/gmgi/Fisheries/eDNA/offshore_wind2023/raw_data/Nov-VW-C2-S_S38_L001_R1_001.fastq.gz,/work/gmgi/Fisheries/eDNA/offshore_wind2023/raw_data/Nov-VW-C2-S_S38_L001_R2_001.fastq.gz
Nov_VW_C3_B,/work/gmgi/Fisheries/eDNA/offshore_wind2023/raw_data/Nov-VW-C3-B_S95_L001_R1_001.fastq.gz,/work/gmgi/Fisheries/eDNA/offshore_wind2023/raw_data/Nov-VW-C3-B_S95_L001_R2_001.fastq.gz
Nov_VW_C3_S,/work/gmgi/Fisheries/eDNA/offshore_wind2023/raw_data/Nov-VW-C3-S_S67_L001_R1_001.fastq.gz,/work/gmgi/Fisheries/eDNA/offshore_wind2023/raw_data/Nov-VW-C3-S_S67_L001_R2_001.fastq.gz
Nov_VW_S5_B,/work/gmgi/Fisheries/eDNA/offshore_wind2023/raw_data/Nov-VW-S5-B_S96_L001_R1_001.fastq.gz,/work/gmgi/Fisheries/eDNA/offshore_wind2023/raw_data/Nov-VW-S5-B_S96_L001_R2_001.fastq.gz
Nov_VW_S5_S,/work/gmgi/Fisheries/eDNA/offshore_wind2023/raw_data/Nov-VW-S5-S_S39_L001_R1_001.fastq.gz,/work/gmgi/Fisheries/eDNA/offshore_wind2023/raw_data/Nov-VW-S5-S_S39_L001_R2_001.fastq.gz
Nov_VW_S6_B,/work/gmgi/Fisheries/eDNA/offshore_wind2023/raw_data/Nov-VW-S6-B_S97_L001_R1_001.fastq.gz,/work/gmgi/Fisheries/eDNA/offshore_wind2023/raw_data/Nov-VW-S6-B_S97_L001_R2_001.fastq.gz
Nov_VW_S6_S,/work/gmgi/Fisheries/eDNA/offshore_wind2023/raw_data/Nov-VW-S6-S_S68_L001_R1_001.fastq.gz,/work/gmgi/Fisheries/eDNA/offshore_wind2023/raw_data/Nov-VW-S6-S_S68_L001_R2_001.fastq.gz
Nov_VW_S7_B,/work/gmgi/Fisheries/eDNA/offshore_wind2023/raw_data/Nov-VW-S7-B_S98_L001_R1_001.fastq.gz,/work/gmgi/Fisheries/eDNA/offshore_wind2023/raw_data/Nov-VW-S7-B_S98_L001_R2_001.fastq.gz
Nov_VW_S7_S,/work/gmgi/Fisheries/eDNA/offshore_wind2023/raw_data/Nov-VW-S7-S_S69_L001_R1_001.fastq.gz,/work/gmgi/Fisheries/eDNA/offshore_wind2023/raw_data/Nov-VW-S7-S_S69_L001_R2_001.fastq.gz
Oct_501_1_B,/work/gmgi/Fisheries/eDNA/offshore_wind2023/raw_data/Oct-501-1-B_S8_L001_R1_001.fastq.gz,/work/gmgi/Fisheries/eDNA/offshore_wind2023/raw_data/Oct-501-1-B_S8_L001_R2_001.fastq.gz
Oct_501_1_S,/work/gmgi/Fisheries/eDNA/offshore_wind2023/raw_data/Oct-501-1-S_S47_L001_R1_001.fastq.gz,/work/gmgi/Fisheries/eDNA/offshore_wind2023/raw_data/Oct-501-1-S_S47_L001_R2_001.fastq.gz
Oct_501_2_B,/work/gmgi/Fisheries/eDNA/offshore_wind2023/raw_data/Oct-501-2-B_S53_L001_R1_001.fastq.gz,/work/gmgi/Fisheries/eDNA/offshore_wind2023/raw_data/Oct-501-2-B_S53_L001_R2_001.fastq.gz
Oct_501_2_S,/work/gmgi/Fisheries/eDNA/offshore_wind2023/raw_data/Oct-501-2-S_S1_L001_R1_001.fastq.gz,/work/gmgi/Fisheries/eDNA/offshore_wind2023/raw_data/Oct-501-2-S_S1_L001_R2_001.fastq.gz
Oct_501_3_B,/work/gmgi/Fisheries/eDNA/offshore_wind2023/raw_data/Oct-501-3-B_S54_L001_R1_001.fastq.gz,/work/gmgi/Fisheries/eDNA/offshore_wind2023/raw_data/Oct-501-3-B_S54_L001_R2_001.fastq.gz
Oct_501_3_S,/work/gmgi/Fisheries/eDNA/offshore_wind2023/raw_data/Oct-501-3-S_S48_L001_R1_001.fastq.gz,/work/gmgi/Fisheries/eDNA/offshore_wind2023/raw_data/Oct-501-3-S_S48_L001_R2_001.fastq.gz
Oct_501_4_B,/work/gmgi/Fisheries/eDNA/offshore_wind2023/raw_data/Oct-501-4-B_S9_L001_R1_001.fastq.gz,/work/gmgi/Fisheries/eDNA/offshore_wind2023/raw_data/Oct-501-4-B_S9_L001_R2_001.fastq.gz
Oct_501_4_S,/work/gmgi/Fisheries/eDNA/offshore_wind2023/raw_data/Oct-501-4-S_S2_L001_R1_001.fastq.gz,/work/gmgi/Fisheries/eDNA/offshore_wind2023/raw_data/Oct-501-4-S_S2_L001_R2_001.fastq.gz
Oct_REV_01_B,/work/gmgi/Fisheries/eDNA/offshore_wind2023/raw_data/Oct-REV-01-B_S10_L001_R1_001.fastq.gz,/work/gmgi/Fisheries/eDNA/offshore_wind2023/raw_data/Oct-REV-01-B_S10_L001_R2_001.fastq.gz
Oct_REV_02_B,/work/gmgi/Fisheries/eDNA/offshore_wind2023/raw_data/Oct-REV-02-B_S55_L001_R1_001.fastq.gz,/work/gmgi/Fisheries/eDNA/offshore_wind2023/raw_data/Oct-REV-02-B_S55_L001_R2_001.fastq.gz
Oct_REV_03_B,/work/gmgi/Fisheries/eDNA/offshore_wind2023/raw_data/Oct-REV-03-B_S56_L001_R1_001.fastq.gz,/work/gmgi/Fisheries/eDNA/offshore_wind2023/raw_data/Oct-REV-03-B_S56_L001_R2_001.fastq.gz
Oct_REV_04_B,/work/gmgi/Fisheries/eDNA/offshore_wind2023/raw_data/Oct-REV-04-B_S11_L001_R1_001.fastq.gz,/work/gmgi/Fisheries/eDNA/offshore_wind2023/raw_data/Oct-REV-04-B_S11_L001_R2_001.fastq.gz
Oct_REV_05_B,/work/gmgi/Fisheries/eDNA/offshore_wind2023/raw_data/Oct-REV-05-B_S57_L001_R1_001.fastq.gz,/work/gmgi/Fisheries/eDNA/offshore_wind2023/raw_data/Oct-REV-05-B_S57_L001_R2_001.fastq.gz
Oct_REV_06_B,/work/gmgi/Fisheries/eDNA/offshore_wind2023/raw_data/Oct-REV-06-B_S58_L001_R1_001.fastq.gz,/work/gmgi/Fisheries/eDNA/offshore_wind2023/raw_data/Oct-REV-06-B_S58_L001_R2_001.fastq.gz
Oct_REV_07_B,/work/gmgi/Fisheries/eDNA/offshore_wind2023/raw_data/Oct-REV-07-B_S59_L001_R1_001.fastq.gz,/work/gmgi/Fisheries/eDNA/offshore_wind2023/raw_data/Oct-REV-07-B_S59_L001_R2_001.fastq.gz
Oct_REV_08_B,/work/gmgi/Fisheries/eDNA/offshore_wind2023/raw_data/Oct-REV-08-B_S60_L001_R1_001.fastq.gz,/work/gmgi/Fisheries/eDNA/offshore_wind2023/raw_data/Oct-REV-08-B_S60_L001_R2_001.fastq.gz
Oct_REV_09_B,/work/gmgi/Fisheries/eDNA/offshore_wind2023/raw_data/Oct-REV-09-B_S12_L001_R1_001.fastq.gz,/work/gmgi/Fisheries/eDNA/offshore_wind2023/raw_data/Oct-REV-09-B_S12_L001_R2_001.fastq.gz
Oct_REV_10_B,/work/gmgi/Fisheries/eDNA/offshore_wind2023/raw_data/Oct-REV-10-B_S13_L001_R1_001.fastq.gz,/work/gmgi/Fisheries/eDNA/offshore_wind2023/raw_data/Oct-REV-10-B_S13_L001_R2_001.fastq.gz
Oct_REV_11_B,/work/gmgi/Fisheries/eDNA/offshore_wind2023/raw_data/Oct-REV-11-B_S14_L001_R1_001.fastq.gz,/work/gmgi/Fisheries/eDNA/offshore_wind2023/raw_data/Oct-REV-11-B_S14_L001_R2_001.fastq.gz
Oct_REV_12_B,/work/gmgi/Fisheries/eDNA/offshore_wind2023/raw_data/Oct-REV-12-B_S61_L001_R1_001.fastq.gz,/work/gmgi/Fisheries/eDNA/offshore_wind2023/raw_data/Oct-REV-12-B_S61_L001_R2_001.fastq.gz
Oct_REV_13_B,/work/gmgi/Fisheries/eDNA/offshore_wind2023/raw_data/Oct-REV-13-B_S15_L001_R1_001.fastq.gz,/work/gmgi/Fisheries/eDNA/offshore_wind2023/raw_data/Oct-REV-13-B_S15_L001_R2_001.fastq.gz
Oct_REV_14_B,/work/gmgi/Fisheries/eDNA/offshore_wind2023/raw_data/Oct-REV-14-B_S62_L001_R1_001.fastq.gz,/work/gmgi/Fisheries/eDNA/offshore_wind2023/raw_data/Oct-REV-14-B_S62_L001_R2_001.fastq.gz
Oct_REV_15_B,/work/gmgi/Fisheries/eDNA/offshore_wind2023/raw_data/Oct-REV-15-B_S63_L001_R1_001.fastq.gz,/work/gmgi/Fisheries/eDNA/offshore_wind2023/raw_data/Oct-REV-15-B_S63_L001_R2_001.fastq.gz
Oct_REV_16_B,/work/gmgi/Fisheries/eDNA/offshore_wind2023/raw_data/Oct-REV-16-B_S16_L001_R1_001.fastq.gz,/work/gmgi/Fisheries/eDNA/offshore_wind2023/raw_data/Oct-REV-16-B_S16_L001_R2_001.fastq.gz
Oct_REV_17_B,/work/gmgi/Fisheries/eDNA/offshore_wind2023/raw_data/Oct-REV-17-B_S17_L001_R1_001.fastq.gz,/work/gmgi/Fisheries/eDNA/offshore_wind2023/raw_data/Oct-REV-17-B_S17_L001_R2_001.fastq.gz
Oct_REV_C1_B,/work/gmgi/Fisheries/eDNA/offshore_wind2023/raw_data/Oct-REV-C1-B_S18_L001_R1_001.fastq.gz,/work/gmgi/Fisheries/eDNA/offshore_wind2023/raw_data/Oct-REV-C1-B_S18_L001_R2_001.fastq.gz
Oct_REV_C2_B,/work/gmgi/Fisheries/eDNA/offshore_wind2023/raw_data/Oct-REV-C2-B_S19_L001_R1_001.fastq.gz,/work/gmgi/Fisheries/eDNA/offshore_wind2023/raw_data/Oct-REV-C2-B_S19_L001_R2_001.fastq.gz
Oct_REV_C3_B,/work/gmgi/Fisheries/eDNA/offshore_wind2023/raw_data/Oct-REV-C3-B_S20_L001_R1_001.fastq.gz,/work/gmgi/Fisheries/eDNA/offshore_wind2023/raw_data/Oct-REV-C3-B_S20_L001_R2_001.fastq.gz
Oct_REV_C4_B,/work/gmgi/Fisheries/eDNA/offshore_wind2023/raw_data/Oct-REV-C4-B_S21_L001_R1_001.fastq.gz,/work/gmgi/Fisheries/eDNA/offshore_wind2023/raw_data/Oct-REV-C4-B_S21_L001_R2_001.fastq.gz
Oct_REV_C5_B,/work/gmgi/Fisheries/eDNA/offshore_wind2023/raw_data/Oct-REV-C5-B_S64_L001_R1_001.fastq.gz,/work/gmgi/Fisheries/eDNA/offshore_wind2023/raw_data/Oct-REV-C5-B_S64_L001_R2_001.fastq.gz
Oct_REV_C6_B,/work/gmgi/Fisheries/eDNA/offshore_wind2023/raw_data/Oct-REV-C6-B_S22_L001_R1_001.fastq.gz,/work/gmgi/Fisheries/eDNA/offshore_wind2023/raw_data/Oct-REV-C6-B_S22_L001_R2_001.fastq.gz
Oct_SF_01_B,/work/gmgi/Fisheries/eDNA/offshore_wind2023/raw_data/Oct-SF-01-B_S65_L001_R1_001.fastq.gz,/work/gmgi/Fisheries/eDNA/offshore_wind2023/raw_data/Oct-SF-01-B_S65_L001_R2_001.fastq.gz
Oct_SF_01_S,/work/gmgi/Fisheries/eDNA/offshore_wind2023/raw_data/Oct-SF-01-S_S49_L001_R1_001.fastq.gz,/work/gmgi/Fisheries/eDNA/offshore_wind2023/raw_data/Oct-SF-01-S_S49_L001_R2_001.fastq.gz
Oct_SF_02_B,/work/gmgi/Fisheries/eDNA/offshore_wind2023/raw_data/Oct-SF-02-B_S23_L001_R1_001.fastq.gz,/work/gmgi/Fisheries/eDNA/offshore_wind2023/raw_data/Oct-SF-02-B_S23_L001_R2_001.fastq.gz
Oct_SF_02_S,/work/gmgi/Fisheries/eDNA/offshore_wind2023/raw_data/Oct-SF-02-S_S50_L001_R1_001.fastq.gz,/work/gmgi/Fisheries/eDNA/offshore_wind2023/raw_data/Oct-SF-02-S_S50_L001_R2_001.fastq.gz
Oct_SF_S3_B,/work/gmgi/Fisheries/eDNA/offshore_wind2023/raw_data/Oct-SF-S3-B_S24_L001_R1_001.fastq.gz,/work/gmgi/Fisheries/eDNA/offshore_wind2023/raw_data/Oct-SF-S3-B_S24_L001_R2_001.fastq.gz
Oct_SF_S3_S,/work/gmgi/Fisheries/eDNA/offshore_wind2023/raw_data/Oct-SF-S3-S_S3_L001_R1_001.fastq.gz,/work/gmgi/Fisheries/eDNA/offshore_wind2023/raw_data/Oct-SF-S3-S_S3_L001_R2_001.fastq.gz
Oct_VW_C1_B,/work/gmgi/Fisheries/eDNA/offshore_wind2023/raw_data/Oct-VW-C1-B_S25_L001_R1_001.fastq.gz,/work/gmgi/Fisheries/eDNA/offshore_wind2023/raw_data/Oct-VW-C1-B_S25_L001_R2_001.fastq.gz
Oct_VW_C1_S,/work/gmgi/Fisheries/eDNA/offshore_wind2023/raw_data/Oct-VW-C1-S_S4_L001_R1_001.fastq.gz,/work/gmgi/Fisheries/eDNA/offshore_wind2023/raw_data/Oct-VW-C1-S_S4_L001_R2_001.fastq.gz
Oct_VW_C2_B,/work/gmgi/Fisheries/eDNA/offshore_wind2023/raw_data/Oct-VW-C2-B_S26_L001_R1_001.fastq.gz,/work/gmgi/Fisheries/eDNA/offshore_wind2023/raw_data/Oct-VW-C2-B_S26_L001_R2_001.fastq.gz
Oct_VW_C2_S,/work/gmgi/Fisheries/eDNA/offshore_wind2023/raw_data/Oct-VW-C2-S_S5_L001_R1_001.fastq.gz,/work/gmgi/Fisheries/eDNA/offshore_wind2023/raw_data/Oct-VW-C2-S_S5_L001_R2_001.fastq.gz
Oct_VW_C3_B,/work/gmgi/Fisheries/eDNA/offshore_wind2023/raw_data/Oct-VW-C3-B_S27_L001_R1_001.fastq.gz,/work/gmgi/Fisheries/eDNA/offshore_wind2023/raw_data/Oct-VW-C3-B_S27_L001_R2_001.fastq.gz
Oct_VW_C3_S,/work/gmgi/Fisheries/eDNA/offshore_wind2023/raw_data/Oct-VW-C3-S_S51_L001_R1_001.fastq.gz,/work/gmgi/Fisheries/eDNA/offshore_wind2023/raw_data/Oct-VW-C3-S_S51_L001_R2_001.fastq.gz
Oct_VW_S5_B,/work/gmgi/Fisheries/eDNA/offshore_wind2023/raw_data/Oct-VW-S5-B_S28_L001_R1_001.fastq.gz,/work/gmgi/Fisheries/eDNA/offshore_wind2023/raw_data/Oct-VW-S5-B_S28_L001_R2_001.fastq.gz
Oct_VW_S5_S,/work/gmgi/Fisheries/eDNA/offshore_wind2023/raw_data/Oct-VW-S5-S_S52_L001_R1_001.fastq.gz,/work/gmgi/Fisheries/eDNA/offshore_wind2023/raw_data/Oct-VW-S5-S_S52_L001_R2_001.fastq.gz
Oct_VW_S6_B,/work/gmgi/Fisheries/eDNA/offshore_wind2023/raw_data/Oct-VW-S6-B_S29_L001_R1_001.fastq.gz,/work/gmgi/Fisheries/eDNA/offshore_wind2023/raw_data/Oct-VW-S6-B_S29_L001_R2_001.fastq.gz
Oct_VW_S6_S,/work/gmgi/Fisheries/eDNA/offshore_wind2023/raw_data/Oct-VW-S6-S_S6_L001_R1_001.fastq.gz,/work/gmgi/Fisheries/eDNA/offshore_wind2023/raw_data/Oct-VW-S6-S_S6_L001_R2_001.fastq.gz
Oct_VW_S7_B,/work/gmgi/Fisheries/eDNA/offshore_wind2023/raw_data/Oct-VW-S7-B_S30_L001_R1_001.fastq.gz,/work/gmgi/Fisheries/eDNA/offshore_wind2023/raw_data/Oct-VW-S7-B_S30_L001_R2_001.fastq.gz
Oct_VW_S7_S,/work/gmgi/Fisheries/eDNA/offshore_wind2023/raw_data/Oct-VW-S7-S_S7_L001_R1_001.fastq.gz,/work/gmgi/Fisheries/eDNA/offshore_wind2023/raw_data/Oct-VW-S7-S_S7_L001_R2_001.fastq.gz
Sep_501_1_B,/work/gmgi/Fisheries/eDNA/offshore_wind2023/raw_data/Sep-501-1-B_S75_L001_R1_001.fastq.gz,/work/gmgi/Fisheries/eDNA/offshore_wind2023/raw_data/Sep-501-1-B_S75_L001_R2_001.fastq.gz
Sep_501_1_S,/work/gmgi/Fisheries/eDNA/offshore_wind2023/raw_data/Sep-501-1-S_S47_L001_R1_001.fastq.gz,/work/gmgi/Fisheries/eDNA/offshore_wind2023/raw_data/Sep-501-1-S_S47_L001_R2_001.fastq.gz
Sep_501_2_B,/work/gmgi/Fisheries/eDNA/offshore_wind2023/raw_data/Sep-501-2-B_S76_L001_R1_001.fastq.gz,/work/gmgi/Fisheries/eDNA/offshore_wind2023/raw_data/Sep-501-2-B_S76_L001_R2_001.fastq.gz
Sep_501_3_B,/work/gmgi/Fisheries/eDNA/offshore_wind2023/raw_data/Sep-501-3-B_S77_L001_R1_001.fastq.gz,/work/gmgi/Fisheries/eDNA/offshore_wind2023/raw_data/Sep-501-3-B_S77_L001_R2_001.fastq.gz
Sep_501_3_S,/work/gmgi/Fisheries/eDNA/offshore_wind2023/raw_data/Sep-501-3-S_S48_L001_R1_001.fastq.gz,/work/gmgi/Fisheries/eDNA/offshore_wind2023/raw_data/Sep-501-3-S_S48_L001_R2_001.fastq.gz
Sep_501_4_B,/work/gmgi/Fisheries/eDNA/offshore_wind2023/raw_data/Sep-501-4-B_S78_L001_R1_001.fastq.gz,/work/gmgi/Fisheries/eDNA/offshore_wind2023/raw_data/Sep-501-4-B_S78_L001_R2_001.fastq.gz
Sep_DI_BK1B_NA,/work/gmgi/Fisheries/eDNA/offshore_wind2023/raw_data/Sep-DI-Blank-1B_S95_L001_R1_001.fastq.gz,/work/gmgi/Fisheries/eDNA/offshore_wind2023/raw_data/Sep-DI-Blank-1B_S95_L001_R2_001.fastq.gz
Sep_DI_BK2A_NA,/work/gmgi/Fisheries/eDNA/offshore_wind2023/raw_data/Sep-DI-Blank-2A_S93_L001_R1_001.fastq.gz,/work/gmgi/Fisheries/eDNA/offshore_wind2023/raw_data/Sep-DI-Blank-2A_S93_L001_R2_001.fastq.gz
Sep_DI_BK2B_NA,/work/gmgi/Fisheries/eDNA/offshore_wind2023/raw_data/Sep-DI-Blank-2B_S94_L001_R1_001.fastq.gz,/work/gmgi/Fisheries/eDNA/offshore_wind2023/raw_data/Sep-DI-Blank-2B_S94_L001_R2_001.fastq.gz
Sep_REV_01_B,/work/gmgi/Fisheries/eDNA/offshore_wind2023/raw_data/Sep-REV-01-B_S49_L001_R1_001.fastq.gz,/work/gmgi/Fisheries/eDNA/offshore_wind2023/raw_data/Sep-REV-01-B_S49_L001_R2_001.fastq.gz
Sep_REV_02_B,/work/gmgi/Fisheries/eDNA/offshore_wind2023/raw_data/Sep-REV-02-B_S50_L001_R1_001.fastq.gz,/work/gmgi/Fisheries/eDNA/offshore_wind2023/raw_data/Sep-REV-02-B_S50_L001_R2_001.fastq.gz
Sep_REV_03_B,/work/gmgi/Fisheries/eDNA/offshore_wind2023/raw_data/Sep-REV-03-B_S51_L001_R1_001.fastq.gz,/work/gmgi/Fisheries/eDNA/offshore_wind2023/raw_data/Sep-REV-03-B_S51_L001_R2_001.fastq.gz
Sep_REV_04_B,/work/gmgi/Fisheries/eDNA/offshore_wind2023/raw_data/Sep-REV-04-B_S52_L001_R1_001.fastq.gz,/work/gmgi/Fisheries/eDNA/offshore_wind2023/raw_data/Sep-REV-04-B_S52_L001_R2_001.fastq.gz
Sep_REV_05_B,/work/gmgi/Fisheries/eDNA/offshore_wind2023/raw_data/Sep-REV-05-B_S53_L001_R1_001.fastq.gz,/work/gmgi/Fisheries/eDNA/offshore_wind2023/raw_data/Sep-REV-05-B_S53_L001_R2_001.fastq.gz
Sep_REV_06_B,/work/gmgi/Fisheries/eDNA/offshore_wind2023/raw_data/Sep-REV-06-B_S54_L001_R1_001.fastq.gz,/work/gmgi/Fisheries/eDNA/offshore_wind2023/raw_data/Sep-REV-06-B_S54_L001_R2_001.fastq.gz
Sep_REV_07_B,/work/gmgi/Fisheries/eDNA/offshore_wind2023/raw_data/Sep-REV-07-B_S55_L001_R1_001.fastq.gz,/work/gmgi/Fisheries/eDNA/offshore_wind2023/raw_data/Sep-REV-07-B_S55_L001_R2_001.fastq.gz
Sep_REV_08_B,/work/gmgi/Fisheries/eDNA/offshore_wind2023/raw_data/Sep-REV-08-B_S56_L001_R1_001.fastq.gz,/work/gmgi/Fisheries/eDNA/offshore_wind2023/raw_data/Sep-REV-08-B_S56_L001_R2_001.fastq.gz
Sep_REV_09_B,/work/gmgi/Fisheries/eDNA/offshore_wind2023/raw_data/Sep-REV-09-B_S57_L001_R1_001.fastq.gz,/work/gmgi/Fisheries/eDNA/offshore_wind2023/raw_data/Sep-REV-09-B_S57_L001_R2_001.fastq.gz
Sep_REV_10_B,/work/gmgi/Fisheries/eDNA/offshore_wind2023/raw_data/Sep-REV-10-B_S58_L001_R1_001.fastq.gz,/work/gmgi/Fisheries/eDNA/offshore_wind2023/raw_data/Sep-REV-10-B_S58_L001_R2_001.fastq.gz
Sep_REV_11_B,/work/gmgi/Fisheries/eDNA/offshore_wind2023/raw_data/Sep-REV-11-B_S59_L001_R1_001.fastq.gz,/work/gmgi/Fisheries/eDNA/offshore_wind2023/raw_data/Sep-REV-11-B_S59_L001_R2_001.fastq.gz
Sep_REV_12_B,/work/gmgi/Fisheries/eDNA/offshore_wind2023/raw_data/Sep-REV-12-B_S60_L001_R1_001.fastq.gz,/work/gmgi/Fisheries/eDNA/offshore_wind2023/raw_data/Sep-REV-12-B_S60_L001_R2_001.fastq.gz
Sep_REV_13_B,/work/gmgi/Fisheries/eDNA/offshore_wind2023/raw_data/Sep-REV-13-B_S61_L001_R1_001.fastq.gz,/work/gmgi/Fisheries/eDNA/offshore_wind2023/raw_data/Sep-REV-13-B_S61_L001_R2_001.fastq.gz
Sep_REV_14_B,/work/gmgi/Fisheries/eDNA/offshore_wind2023/raw_data/Sep-REV-14-B_S62_L001_R1_001.fastq.gz,/work/gmgi/Fisheries/eDNA/offshore_wind2023/raw_data/Sep-REV-14-B_S62_L001_R2_001.fastq.gz
Sep_REV_15_B,/work/gmgi/Fisheries/eDNA/offshore_wind2023/raw_data/Sep-REV-15-B_S63_L001_R1_001.fastq.gz,/work/gmgi/Fisheries/eDNA/offshore_wind2023/raw_data/Sep-REV-15-B_S63_L001_R2_001.fastq.gz
Sep_REV_16_B,/work/gmgi/Fisheries/eDNA/offshore_wind2023/raw_data/Sep-REV-16-B_S64_L001_R1_001.fastq.gz,/work/gmgi/Fisheries/eDNA/offshore_wind2023/raw_data/Sep-REV-16-B_S64_L001_R2_001.fastq.gz
Sep_REV_17_B,/work/gmgi/Fisheries/eDNA/offshore_wind2023/raw_data/Sep-REV-17-B_S65_L001_R1_001.fastq.gz,/work/gmgi/Fisheries/eDNA/offshore_wind2023/raw_data/Sep-REV-17-B_S65_L001_R2_001.fastq.gz
Sep_REV_C1_B,/work/gmgi/Fisheries/eDNA/offshore_wind2023/raw_data/Sep-REV-C1-B_S79_L001_R1_001.fastq.gz,/work/gmgi/Fisheries/eDNA/offshore_wind2023/raw_data/Sep-REV-C1-B_S79_L001_R2_001.fastq.gz
Sep_REV_C2_B,/work/gmgi/Fisheries/eDNA/offshore_wind2023/raw_data/Sep-REV-C2-B_S80_L001_R1_001.fastq.gz,/work/gmgi/Fisheries/eDNA/offshore_wind2023/raw_data/Sep-REV-C2-B_S80_L001_R2_001.fastq.gz
Sep_REV_C3_B,/work/gmgi/Fisheries/eDNA/offshore_wind2023/raw_data/Sep-REV-C3-B_S81_L001_R1_001.fastq.gz,/work/gmgi/Fisheries/eDNA/offshore_wind2023/raw_data/Sep-REV-C3-B_S81_L001_R2_001.fastq.gz
Sep_REV_C4_B,/work/gmgi/Fisheries/eDNA/offshore_wind2023/raw_data/Sep-REV-C4-B_S82_L001_R1_001.fastq.gz,/work/gmgi/Fisheries/eDNA/offshore_wind2023/raw_data/Sep-REV-C4-B_S82_L001_R2_001.fastq.gz
Sep_REV_C5_B,/work/gmgi/Fisheries/eDNA/offshore_wind2023/raw_data/Sep-REV-C5-B_S83_L001_R1_001.fastq.gz,/work/gmgi/Fisheries/eDNA/offshore_wind2023/raw_data/Sep-REV-C5-B_S83_L001_R2_001.fastq.gz
Sep_REV_C6_B,/work/gmgi/Fisheries/eDNA/offshore_wind2023/raw_data/Sep-REV-C6-B_S84_L001_R1_001.fastq.gz,/work/gmgi/Fisheries/eDNA/offshore_wind2023/raw_data/Sep-REV-C6-B_S84_L001_R2_001.fastq.gz
Sep_SF_01_B,/work/gmgi/Fisheries/eDNA/offshore_wind2023/raw_data/Sep-SF-01-B_S85_L001_R1_001.fastq.gz,/work/gmgi/Fisheries/eDNA/offshore_wind2023/raw_data/Sep-SF-01-B_S85_L001_R2_001.fastq.gz
Sep_SF_01_S,/work/gmgi/Fisheries/eDNA/offshore_wind2023/raw_data/Sep-SF-01-S_S66_L001_R1_001.fastq.gz,/work/gmgi/Fisheries/eDNA/offshore_wind2023/raw_data/Sep-SF-01-S_S66_L001_R2_001.fastq.gz
Sep_SF_02_B,/work/gmgi/Fisheries/eDNA/offshore_wind2023/raw_data/Sep-SF-02-B_S86_L001_R1_001.fastq.gz,/work/gmgi/Fisheries/eDNA/offshore_wind2023/raw_data/Sep-SF-02-B_S86_L001_R2_001.fastq.gz
Sep_SF_02_S,/work/gmgi/Fisheries/eDNA/offshore_wind2023/raw_data/Sep-SF-02-S_S67_L001_R1_001.fastq.gz,/work/gmgi/Fisheries/eDNA/offshore_wind2023/raw_data/Sep-SF-02-S_S67_L001_R2_001.fastq.gz
Sep_SF_S3_B,/work/gmgi/Fisheries/eDNA/offshore_wind2023/raw_data/Sep-SF-S3-B_S87_L001_R1_001.fastq.gz,/work/gmgi/Fisheries/eDNA/offshore_wind2023/raw_data/Sep-SF-S3-B_S87_L001_R2_001.fastq.gz
Sep_SF_S3_S,/work/gmgi/Fisheries/eDNA/offshore_wind2023/raw_data/Sep-SF-S3-S_S68_L001_R1_001.fastq.gz,/work/gmgi/Fisheries/eDNA/offshore_wind2023/raw_data/Sep-SF-S3-S_S68_L001_R2_001.fastq.gz
Sep_VW_C1_B,/work/gmgi/Fisheries/eDNA/offshore_wind2023/raw_data/Sep-VW-C1-B_S88_L001_R1_001.fastq.gz,/work/gmgi/Fisheries/eDNA/offshore_wind2023/raw_data/Sep-VW-C1-B_S88_L001_R2_001.fastq.gz
Sep_VW_C1_S,/work/gmgi/Fisheries/eDNA/offshore_wind2023/raw_data/Sep-VW-C1-S_S69_L001_R1_001.fastq.gz,/work/gmgi/Fisheries/eDNA/offshore_wind2023/raw_data/Sep-VW-C1-S_S69_L001_R2_001.fastq.gz
Sep_VW_C2_B,/work/gmgi/Fisheries/eDNA/offshore_wind2023/raw_data/Sep-VW-C2-B_S89_L001_R1_001.fastq.gz,/work/gmgi/Fisheries/eDNA/offshore_wind2023/raw_data/Sep-VW-C2-B_S89_L001_R2_001.fastq.gz
Sep_VW_C2_S,/work/gmgi/Fisheries/eDNA/offshore_wind2023/raw_data/Sep-VW-C2-S_S70_L001_R1_001.fastq.gz,/work/gmgi/Fisheries/eDNA/offshore_wind2023/raw_data/Sep-VW-C2-S_S70_L001_R2_001.fastq.gz
Sep_VW_C3_S,/work/gmgi/Fisheries/eDNA/offshore_wind2023/raw_data/Sep-VW-C3-S_S71_L001_R1_001.fastq.gz,/work/gmgi/Fisheries/eDNA/offshore_wind2023/raw_data/Sep-VW-C3-S_S71_L001_R2_001.fastq.gz
Sep_VW_S5_B,/work/gmgi/Fisheries/eDNA/offshore_wind2023/raw_data/Sep-VW-S5-B_S90_L001_R1_001.fastq.gz,/work/gmgi/Fisheries/eDNA/offshore_wind2023/raw_data/Sep-VW-S5-B_S90_L001_R2_001.fastq.gz
Sep_VW_S5_S,/work/gmgi/Fisheries/eDNA/offshore_wind2023/raw_data/Sep-VW-S5-S_S72_L001_R1_001.fastq.gz,/work/gmgi/Fisheries/eDNA/offshore_wind2023/raw_data/Sep-VW-S5-S_S72_L001_R2_001.fastq.gz
Sep_VW_S6_B,/work/gmgi/Fisheries/eDNA/offshore_wind2023/raw_data/Sep-VW-S6-B_S91_L001_R1_001.fastq.gz,/work/gmgi/Fisheries/eDNA/offshore_wind2023/raw_data/Sep-VW-S6-B_S91_L001_R2_001.fastq.gz
Sep_VW_S6_S,/work/gmgi/Fisheries/eDNA/offshore_wind2023/raw_data/Sep-VW-S6-S_S73_L001_R1_001.fastq.gz,/work/gmgi/Fisheries/eDNA/offshore_wind2023/raw_data/Sep-VW-S6-S_S73_L001_R2_001.fastq.gz
Sep_VW_S7_B,/work/gmgi/Fisheries/eDNA/offshore_wind2023/raw_data/Sep-VW-S7-B_S92_L001_R1_001.fastq.gz,/work/gmgi/Fisheries/eDNA/offshore_wind2023/raw_data/Sep-VW-S7-B_S92_L001_R2_001.fastq.gz
Sep_VW_S7_S,/work/gmgi/Fisheries/eDNA/offshore_wind2023/raw_data/Sep-VW-S7-S_S74_L001_R1_001.fastq.gz,/work/gmgi/Fisheries/eDNA/offshore_wind2023/raw_data/Sep-VW-S7-S_S74_L001_R2_001.fastq.gz
